"Epic","Feature","Story","FAILED","BROKEN","PASSED","SKIPPED","UNKNOWN"
"山东分类系统","02-个人信息查询","02-个人信息修正-
-01-批量查询","0","0","1","0","0"
"山东分类系统","02-个人信息查询","01-个人信息查询-
-02-其它查询","0","0","1","0","0"
"山东分类系统","02-个人信息查询","01-个人信息查询-
-01-身份证查询","0","0","1","0","0"
"山东分类系统","","","0","2","0","0","0"
"山东分类系统","02-个人信息查询","02-个人信息修正-
-01-身份证查询","0","0","1","0","0"
"山东分类系统","01-基础数据","01-基础数据-
-01-登录基础信息","0","0","1","0","0"
"山东分类系统","02-个人信息查询","02-个人信息修正-
-02-其它查询","0","0","1","0","0"
"山东分类系统","01-基础数据","01-基础数据-
-02-获取省地市","0","0","1","0","0"
"山东分类系统","02-个人信息查询","01-个人信息查询-
-01-批量查询","0","0","1","0","0"
